<?xml version="1.0" encoding="UTF-8"?>

<component name="MainScene" extends="Scene">
    <script type="text/brightscript" uri="MainScene.brs" />
    <script type="text/brightscript" uri="UILogic/ScreenStackLogic.brs" />
    <script type="text/brightscript" uri="UILogic/ContentTaskLogic.brs" />
    <script type="text/brightscript" uri="UILogic/GridScreenLogic.brs" />
    <script type="text/brightscript" uri="UILogic/VideoPlayerLogic.brs" />
    <children>
         
         <Overhang
            id="overhang"
            showOptions="false"
            showClock="false"
            logoUri="pkg:/images/logo.png"
            translation="[0,20]"
        />
        <Label
            id="loadingIndicator"
            text="Loading..."
            width="1280"
            height="720"
            translation="[0, 0]"
            horizAlign="center"
            vertAlign="center"
            visible="false"
            font="font:MediumBoldSystemFont"
        />

        
        <Label id="goalLabel" text="Daily Calorie Goal: 5000" visible="true" translation="[600,65]" font="font:MediumBoldSystemFont"/>
        <Label id="counter" text="0" visible="true" translation="[1000,100]" horizAlign="center" vertAlign="center" font="font:MediumBoldSystemFont"/>
        <Button id="ring" text=" " textColor="0xff0000ff" iconUri="pkg:/images/ring/0.png" focusedTextColor="0xff0000ff" width="40" height="40" translation="[1000, 100]" visible="true"/>


        

    </children>
</component>
